product_id,title,description,_id
8821974,Resistencia,32 paneles de igual superficie que favorecen la conservación de la forma.,66424ebff1497167766289ba
8821974,Toque de balón,"Exterior de PU de 0,8 mm con respaldo de espuma múltiple para un tacto suave.",66424ec0f1497167766289bb
8821974,Ease of inflation,Cámara de caucho + válvula PAL (Puma Air Lock) para una excelente retención.,66424ec0f1497167766289bc
8869111,Resistencia,Resistencia a la fricción gracias al revestimiento 100% TPU.,66424ecaf1497167766289bd
8869111,Inflado duradero,Conservación de la presión garantizada gracias a su cámara de Butilo.,66424ecaf1497167766289be
8869111,Toque del balón,La construcción cosida a máquina garantiza un buen toque del balón,66424ecaf1497167766289bf
8869113,Resistencia,Resistencia a la fricción gracias al revestimiento 100% TPU.,66424ed4f1497167766289c0
8869113,Inflado duradero,Conservación de la presión garantizada gracias a su cámara de Butilo.,66424ed4f1497167766289c1
8869113,Toque del balón,Construcción TSBE sin costuras para un mejor toque y menor absorción de agua,66424ed5f1497167766289c2
8789910,Resistencia,Revestimiento exterior de TPU para una buena resistencia.,66424edff1497167766289c3
8789910,Inflado duradero,Cámara optimizada para una buena retención del aire.,66424edff1497167766289c4
8789910,Calidad de rebote,El balón cumple con las exigencias internacionales del fútbol en cuanto al rebote.,66424edff1497167766289c5
8547126,Toque del balón,El revestimiento de caucho aporta un buen toque de balón.,66424eeaf1497167766289c6
8547126,Resistencia,"Buena resistencia gracias al revestimiento de caucho de 1,2 mm.",66424eeaf1497167766289c7
8547126,Fijación,Agarre adecuado para la práctica ocasional del baloncesto.,66424eeaf1497167766289c8
8547126,Calidad de rebote,Buena calidad de rebote gracias a la cámara totalmente revestida de poliéster.,66424eeaf1497167766289c9
960301,Toque del balón,Balón de espuma de baja densidad para ofrecer un tacto de balón agradable.,66424ef4f1497167766289ca
960301,Calidad de rebote,Bajo rebote para facilitar el aprendizaje.,66424ef5f1497167766289cb
960301,Resistencia,Resistente al uso en interior.,66424ef5f1497167766289cc
8773833,Resistencia,"Costuras del balón en el interior, por lo tanto invisibles y más resistentes.",66424efff1497167766289cd
8773833,Calidad de rebote,Rebote controlado y regular gracias a la guata integrada.,66424efff1497167766289ce
8773833,Inflado duradero,Conservación de la presión asegurada gracias a la cámara de butilo/látex.,66424efff1497167766289cf
8547127,Resistencia,"Buena resistencia gracias al revestimiento de caucho de 1,2 mm.",66424f0af1497167766289d0
8547127,Toque del balón,El revestimiento de caucho aporta un buen toque de balón.,66424f0af1497167766289d1
8547127,Fijación,Agarre adecuado para la práctica ocasional del baloncesto.,66424f0af1497167766289d2
8547127,Calidad de rebote,Buena calidad de rebote gracias a la cámara totalmente revestida de poliéster.,66424f0af1497167766289d3
8604441,Toque del balón,"Para un agarre agradable, el balón se ha concebido con material sintético.",66424f15f1497167766289d4
8604441,Resistencia,En nuestros laboratorios este balón de vóley resiste test de 5.000 lanzamientos.,66424f15f1497167766289d5
8640987,Toque del balón,El toque de espuma hace que los intercambios en el vóley sean agradables.,66424f20f1497167766289d6
8640987,Peso,"Balón ligero, ideal para el aprendizaje del voleibol en interior.",66424f20f1497167766289d7
8640987,Resistencia,Prueba realizada en laboratorio de 5.000 disparos a 50 km/h.,66424f20f1497167766289d8
8640987,Calidad de rebote,Sin cambios bruscos de dirección cuando el balón toca el suelo.,66424f20f1497167766289d9
8549565,Toque del balón,Componente suave y adherente para un contacto agradable y controlado.,66424f2bf1497167766289da
8549565,Resistencia,"Revestimiento de poliuretano cosido a mano, para una buena resistencia del balón",66424f2bf1497167766289db
8549565,Control de la trayectoria,Mejor distribución del peso para una trayectoria controlada.,66424f2bf1497167766289dc
8549565,Inflado duradero,"La cámara de alto rendimiento, fabricada con un 80 % de butilo, garantiza un inflado resistente.",66424f2cf1497167766289dd
8549565,Impermeabilidad,Limita la absorción de agua hasta un 15 % del peso inicial del balón.,66424f2cf1497167766289de
8585384,Ligereza,Este balón es más ligero para facilitar los chutes y otros gestos.,66424f36f1497167766289df
8585384,Toque del balón,Revestimiento de 1 mm para un toque de balón óptimo.,66424f36f1497167766289e0
8585384,Resistencia,"Costuras del balón en el interior, por lo tanto invisibles y más resistentes.",66424f36f1497167766289e1
8585384,Calidad de rebote,Rebote controlado y regular gracias a la guata integrada.,66424f36f1497167766289e2
8585384,Inflado duradero,Conservación de la presión asegurada gracias a la cámara de butilo/látex.,66424f36f1497167766289e3
8623709,Resistencia,Revestimiento 100% poliuretano.,66424f41f1497167766289e4
8623709,Inflado duradero,Cámara de butilo para una conservación de la presión excelente.,66424f41f1497167766289e5
8623709,Toque del balón,Cosido a mano para la durabilidad y el toque del balón.,66424f41f1497167766289e6
8623709,Control de la trayectoria,"Pruebas de circunferencia, de peso y de rebote de la FIFA aprobadas con éxito.",66424f41f1497167766289e7
8821159,Tracción,Revestimiento de materia sintética texturizada para un buen agarre.,66424f4bf1497167766289e8
8821159,Resistencia,Paneles cosidos a máquina.,66424f4bf1497167766289e9
8821159,Ligereza,Un balón más ligero diseñado para facilitar el aprendizaje.,66424f4cf1497167766289ea
8648076,Toque del balón,Buen tacto gracias al revestimiento de materia plástica con espuma,66424f56f1497167766289eb
8648076,Inflado duradero,Prolonga el periodo entre dos inflados gracias a la cámara con 30 % de butilo.,66424f56f1497167766289ec
8648076,Calidad de rebote,Buena calidad de rebote gracias a la cámara totalmente revestida de poliéster.,66424f56f1497167766289ed
8648076,Resistencia,Buena resistencia gracias al revestimiento de materia plástica con espuma.,66424f56f1497167766289ee
8648076,Tracción,Buen agarre gracias al diseño profundo de los canales.,66424f57f1497167766289ef
8741009,Resistencia,Buena resistencia gracias a su revestimiento de caucho,66424f61f1497167766289f0
8741009,Tracción,El grano del revestimiento exterior del balón asegura un buen agarre.,66424f61f1497167766289f1
8741009,Toque del balón,Buen tacto de balón gracias al revestimiento de caucho.,66424f61f1497167766289f2
8774096,Resistencia,Espuma de poliuretano de alta densidad para mayor resistencia.,66424f6bf1497167766289f3
8774096,Reducción de los impactos,Balón de espuma para que los niños puedan jugar sin hacerse daño.,66424f6bf1497167766289f4
8774096,Calidad de rebote,Balón de espuma con una cámara provista de válvula accesible.,66424f6cf1497167766289f5
8774096,Ligereza,"Balón de 350 gramos, el peso de un balón de talla 4.",66424f6cf1497167766289f6
8563502,Adaptabilidad,Talla adecuada para aprender los gestos técnicos del fútbol sala,66424f76f1497167766289f7
8563502,Toque del balón,"Revestimiento de PU de 0,7 mm para un toque de balón óptimo.",66424f76f1497167766289f8
8563502,Calidad de rebote,Rebote controlado y regular gracias a la guata integrada.,66424f76f1497167766289f9
8821160,Tracción,Revestimiento de materia sintética texturizada para un buen agarre.,66424f81f1497167766289fa
8821160,Resistencia,Paneles cosidos a máquina para una resistencia duradera.,66424f81f1497167766289fb
8821160,Ligereza,Un balón más ligero diseñado para facilitar el aprendizaje.,66424f81f1497167766289fc
8853512,Toque del balón,Buen tacto gracias al revestimiento de caucho esponjoso.,66424f8cf1497167766289fd
8853512,Resistencia,"Buena resistencia gracias al revestimiento de caucho de 1,4 mm.",66424f8cf1497167766289fe
8853512,Inflado duradero,Prolonga el periodo entre dos inflados gracias a la cámara con 30% de butilo.,66424f8cf1497167766289ff
8853512,Fijación,Buen agarre gracias al diseño profundo de los canales.,66424f8cf149716776628a00
8853512,Calidad de rebote,Buena calidad de rebote gracias a la cámara totalmente revestida de poliéster.,66424f8df149716776628a01
8602095,Toque del balón,El toque de espuma hace que los intercambios en el voleibol sean agradables.,66424f98f149716776628a02
8602095,Peso,"Balón ligero, 230/250 g, ideal para el aprendizaje del voleibol en interior.",66424f98f149716776628a03
8602095,Resistencia,Prueba realizada en laboratorio de 5.000 disparos a 50 km/h.,66424f98f149716776628a04
8602095,Calidad de rebote,Sin cambios bruscos de dirección cuando el balón toca el suelo.,66424f98f149716776628a05
8324591,Calidad de rebote,Materia sintética SUPER-TOUCH de nueva generación.,66424fa3f149716776628a06
8324591,Solidez,Gran resistencia al desgaste.,66424fa3f149716776628a07
8324591,Toque del balón,Balón muy suave y muy flexible.,66424fa3f149716776628a08
8796499,Toque del balón,El componente exterior de poliuretano le aporta un toque de balón excepcional.,66424faef149716776628a09
8796499,Inflado duradero,La cámara con 50 % de butilo conserva la presión de inflado durante más tiempo.,66424faef149716776628a0a
8796499,Calidad de rebote,"Excelente rebote, cámara revestida por un 70 % de poliéster y un 30 % de poliamida.",66424faef149716776628a0b
8796499,Resistencia,"Muy buena resistencia gracias al revestimiento de poliuretano de 1,4 mm.",66424faef149716776628a0c
8796499,Tracción,"Buen agarre en interior/exterior, gracias al grano del revestimiento exterior.",66424faef149716776628a0d
8816710,Suavidad,Balón con un tacto muy suave y agradable.,66424fb9f149716776628a0e
8816710,Resistencia impacto,Prueba realizada en laboratorio de 5.000 disparos a 50 km/h.,66424fb9f149716776628a0f
8753531,Resistencia,Balón de PVC grueso.,66424fc3f149716776628a10
8753531,Inflado duradero,Balón de PVC sin cámara.,66424fc4f149716776628a11
8753531,Reducción de los impactos,Material flexible para mayor confort de juego.,66424fc4f149716776628a12
8753531,Polivalencia,Balón utilizable en terrenos de hierba y arena.,66424fc4f149716776628a13
8753531,Ligereza,Balón más ligero para minimizar los impactos.,66424fc4f149716776628a14
8753531,Calidad de rebote,La calidad del rebote depende de la presión del balón. Ajustable a tu juego.,66424fc4f149716776628a15
8600233,Toque del balón,Balón de espuma de baja densidad para ofrecer un tacto de balón agradable.,66424fcff149716776628a16
8600233,Calidad de rebote,Bajo rebote para facilitar el aprendizaje.,66424fcff149716776628a17
8600233,Resistencia,Resistente al uso en interior.,66424fcff149716776628a18
8676298,Resistencia,Revestimiento exterior de PVC para una buena resistencia.,66424fe3f149716776628a19
8676298,Inflado duradero,Cámara optimizada para una buena retención del aire.,66424fe3f149716776628a1a
8676298,Reducción de los impactos,Dureza de un balón de fútbol clásico.,66424fe3f149716776628a1b
8676298,Calidad de rebote,El balón cumple con las exigencias internacionales de fútbol en cuanto al rebote,66424fe3f149716776628a1c
8641261,Toque del balón,El componente exterior de poliuretano aporta un toque de balón excepcional,66424feef149716776628a1d
8641261,Inflado duradero,La cámara con 50 % de butilo conserva la presión de inflado durante más tiempo.,66424feef149716776628a1e
8641261,Calidad de rebote,"Excelente rebote, cámara revestida por un 70 % de poliéster y un 30 % de poliamida.",66424feef149716776628a1f
8641261,Resistencia,"Buenísima resistencia gracias al revestimiento de poliuretano de 1,4 mm.",66424feef149716776628a20
8641261,Fijación,"Buen agarre en interior/exterior, gracias al grano del revestimiento exterior.",66424feef149716776628a21
8790034,Resistencia,"Ha obtenido un índice de 2,27 tras una prueba de protocolo. Costuras interiores.",66424ff8f149716776628a22
8790034,Inflado duradero,11 % de pérdida de presión en 14 días.,66424ff9f149716776628a23
8790034,Vuelo estable,"Ha obtenido un índice de 5,96 tras una prueba de protocolo. Los clásicos 32 paneles.",66424ff9f149716776628a24
8790034,Calidad de rebote,Tu balón cumple los requisitos de la FIFA en materia de rebote.,66424ff9f149716776628a25
8753538,Resistencia,Revestimiento exterior de TPU para mayor resistencia a la abrasión.,66425004f149716776628a26
8753538,Inflado duradero,Cámara optimizada para una buena retención del aire.,66425004f149716776628a27
8753538,Reducción de los impactos,Balón más ligero estructurado en paneles acolchados para mayor confort de juego.,66425004f149716776628a28
8753538,Calidad de rebote,El balón cumple con las exigencias internacionales del fútbol en cuanto al rebote.,66425004f149716776628a29
8602094,Toque del balón,El toque de espuma hace que los intercambios en el voleibol sean agradables.,66425010f149716776628a2a
8602094,Peso,"Balón ligero, 200/220 g, ideal para el aprendizaje del voleibol en interior.",66425010f149716776628a2b
8602094,Resistencia,Prueba realizada en laboratorio de 5.000 disparos a 50 km/h.,66425010f149716776628a2c
8602094,Calidad de rebote,Sin cambios bruscos de dirección cuando el balón toca el suelo.,66425010f149716776628a2d
8845027,Toque del balón,Recubrimiento de Poliuretano granulado para un excelente toque de balón.,66425024f149716776628a2e
8845027,Agarre ergonómico,Canales profundos de caucho con guijarros para un excelente agarre.,66425025f149716776628a2f
8845027,Calidad de rebote,Muy buena calidad de rebote gracias a su camara y nucleo de amortiguación.,66425025f149716776628a30
8853511,Toque del balón,Buen tacto gracias al revestimiento de caucho esponjoso.,6642502ff149716776628a31
8853511,Resistencia,"Buena resistencia gracias al revestimiento de caucho de 1,4 mm.",66425030f149716776628a32
8853511,Inflado duradero,Prolonga el periodo entre dos inflados gracias a la cámara con 30 % de butilo.,66425030f149716776628a33
8853511,Tracción,Buen agarre gracias al diseño profundo de los canales.,66425030f149716776628a34
8853511,Calidad de rebote,Buena calidad de rebote gracias a la cámara totalmente revestida de poliéster.,66425030f149716776628a35
8648074,Toque del balón,Buen tacto gracias al revestimiento de materia plástica con espuma,6642503bf149716776628a36
8648074,Inflado duradero,Prolonga el periodo entre dos inflados gracias a la cámara con 30 % de butilo.,6642503bf149716776628a37
8648074,Calidad de rebote,Buena calidad de rebote gracias a la cámara totalmente revestida de poliéster.,6642503bf149716776628a38
8648074,Resistencia,Buena resistencia gracias al revestimiento de materia plástica con espuma.,6642503bf149716776628a39
8648074,Tracción,Buen agarre gracias al diseño profundo de los canales.,6642503bf149716776628a3a
8625753,Toque del balón,Tacto soft,66425046f149716776628a3b
8625753,Calidad de rebote,El rebote cumple las normas FIBA,66425046f149716776628a3c
8579041,Resistencia,"Costuras cosidas a mano y triple laminado, para proporcionar durabilidad.",66425051f149716776628a3d
8579041,Adherencia,La superficie tiene un relieve pronunciado para un excelente agarre del balón.,66425051f149716776628a3e
8579041,Toque del balón,Capa de neopreno para aportar mejores sensaciones con el balón en la mano.,66425051f149716776628a3f
8774094,Resistencia,Paneles de tejido resistente directamente pegados sobre una cámara de caucho.,6642505df149716776628a40
8774094,Ligereza,Balón un 20 % más ligero que un balón oficial talla 4.,6642505df149716776628a41
8774094,Calidad de rebote,Esfericidad garantizada gracias al revestimiento exterior de poliéster resistente,6642505df149716776628a42
8648081,Toque del balón,El componente exterior de poliuretano aporta un toque de balón excelente.,66425071f149716776628a43
8648081,Fijación,Muy buen agarre en interior y exterior gracias a la capa exterior granulada.,66425071f149716776628a44
8648081,Inflado duradero,La cámara con 50 % de butilo conserva la presión de inflado durante más tiempo.,66425071f149716776628a45
8648081,Calidad de rebote,"Excelente rebote, cámara revestida por un 70 % de poliéster y un 30 % de poliamida.",66425071f149716776628a46
8648081,Resistencia,"Muy buena resistencia gracias al revestimiento de poliuretano de 1,8 mm.",66425071f149716776628a47
8648079,Toque del balón,Excelente tacto gracias al revestimiento de poliuretano.,6642507df149716776628a48
8648079,Inflado duradero,La cámara con 50 % de butilo conserva la presión de inflado durante más tiempo.,6642507df149716776628a49
8648079,Calidad de rebote,"Excelente rebote, cámara revestida por un 70 % de poliéster y un 30 % de poliamida.",6642507df149716776628a4a
8648079,Resistencia,"Buena resistencia gracias al revestimiento de poliuretano de 1,4 mm.",6642507df149716776628a4b
8648079,Fijación,Buen agarre gracias al diseño profundo de los canales.,6642507df149716776628a4c
8753534,Resistencia,Revestimiento exterior de PVC para una buena resistencia.,66425088f149716776628a4d
8753534,Inflado duradero,Cámara optimizada para una buena retención del aire.,66425089f149716776628a4e
8753534,Reducción de los impactos,Revestimiento de materia sintética con espuma para un contacto agradable.,66425089f149716776628a4f
8753534,Ligereza,Peso más ligero (290 g) comparado con un balón de la misma talla.,66425089f149716776628a50
8753534,Polivalencia,"Balón adecuado para jugar sobre hierba natural, hierba sintética o arena.",66425089f149716776628a51
8648082,Toque del balón,Excelente tacto gracias al revestimiento de poliuretano.,66425094f149716776628a52
8648082,Inflado duradero,La cámara con 50 % de butilo conserva la presión de inflado durante más tiempo.,66425094f149716776628a53
8648082,Calidad de rebote,"Excelente rebote, cámara revestida por un 70 % de poliéster y un 30 % de poliamida.",66425094f149716776628a54
8648082,Resistencia,"Buena resistencia gracias al revestimiento de poliuretano de 1,4 mm.",66425094f149716776628a55
8648082,Fijación,Buen agarre gracias al diseño profundo de los canales.,66425094f149716776628a56
8591171,Toque del balón,Grip y tacto excelentes.,6642509ff149716776628a57
8591171,Calidad de rebote,Rebote óptimo y esfericidad perfecta.,6642509ff149716776628a58
8734568,Resistencia a la abrasión,"Costuras del balón en el interior, por lo tanto invisibles y más resistentes.",664250aaf149716776628a59
8734568,Calidad de rebote,Rebote controlado y regular gracias a la guata integrada.,664250aaf149716776628a5a
8734568,Inflado duradero,Conservación de la presión asegurada gracias a la cámara de butilo/látex.,664250aaf149716776628a5b
8648075,Toque del balón,Buen tacto gracias al revestimiento de materia plástica con espuma,664250b6f149716776628a5c
8648075,Inflado duradero,Prolonga el periodo entre dos inflados gracias a la cámara con 30 % de butilo.,664250b6f149716776628a5d
8648075,Calidad de rebote,Buena calidad de rebote gracias a la cámara totalmente revestida de poliéster.,664250b6f149716776628a5e
8648075,Resistencia,Buena resistencia gracias al revestimiento de materia plástica con espuma.,664250b6f149716776628a5f
8648075,Tracción,Buen agarre gracias al diseño profundo de los canales.,664250b6f149716776628a60
8618595,Toque del balón,Buen tacto gracias al revestimiento de caucho esponjoso.,664250c2f149716776628a61
8618595,Resistencia,"Buena resistencia gracias al revestimiento de caucho de 1,4 mm.",664250c2f149716776628a62
8618595,Inflado duradero,Prolonga el periodo entre dos inflados gracias a la cámara con 30 % de butilo.,664250c2f149716776628a63
8618595,Fijación,Buen agarre gracias al diseño profundo de los canales.,664250c2f149716776628a64
8618595,Calidad de rebote,Buena calidad de rebote gracias a la cámara totalmente revestida de poliéster.,664250c2f149716776628a65
8668646,Resistencia,Resiste 2.500 tiros contra un plano inclinado a 50 km/h (probado en laboratorio,664250e0f149716776628a66
8668646,Calidad de rebote,32 paneles con 2 capas de laminado junto a una cámara de butilo y látex.,664250e0f149716776628a67
8668646,Inflado duradero,Cámara de látex.,664250e0f149716776628a68
8604444,Resistencia impacto,El balón es resistente en cualquier tipo de terrenos al aire libre.,664250ebf149716776628a69
8604444,Toque del balón,"Para un agarre agradable, el balón se ha confeccionado con material sintético.",664250ebf149716776628a6a
8604444,Peso,"Este balón cumple con los estándares oficiales, es decir, 260/280 g.",664250ebf149716776628a6b
8649589,Toque del balón,Balón con un tacto muy suave y agradable.,664250f6f149716776628a6c
8649589,Resistencia,Balón cosido a máquina.,664250f6f149716776628a6d
8649589,Impermeabilidad,Limita la absorción de agua hasta un 15 % del peso inicial del balón.,664250f7f149716776628a6e
8733233,Toque del balón,Revestimiento de material sintético para un toque agradable.,66425102f149716776628a6f
8733233,Resistencia,Prueba realizada en laboratorio de 7500 disparos a una velocidad de 50 km/h.,66425102f149716776628a70
8733233,Peso,Este balón pesa entre 260 g y 280 g y cumple las normas oficiales.,66425102f149716776628a71
8734255,Ligereza,"Balón un 35 % más ligero que un balón de talla 5, facilita los primeros gestos",6642510df149716776628a72
8734255,Toque del balón,"Exterior de plástico con espuma, menos traumatizante y fácil de manejar.",6642510df149716776628a73
8734255,Calidad de rebote,Calidad de rebote adecuada para la iniciación gracias al armazón textil.,6642510df149716776628a74
8734255,Resistencia,"Resistente, revestimiento de plástico con espuma de 2 mm, interior y exterior.",6642510df149716776628a75
8649591,Toque del balón,Revestimiento adherente más grueso para un mejor control con contacto cómodo,66425118f149716776628a76
8649591,Resistencia,"Revestimiento de PU cosido a máquina, costuras ocultas para más resistencia",66425119f149716776628a77
8649591,Inflado duradero,Cámara con 30 % de butilo para un inflado resistente,66425119f149716776628a78
8649591,Impermeabilidad,Limita la absorción de agua hasta un 15 % del peso inicial del balón.,66425119f149716776628a79
8809227,Ligereza,Balón un 15 % más ligero que un balón tradicional de la misma talla.,66425124f149716776628a7a
8809227,Resistencia,"Las costuras de los paneles están ocultas y, por tanto, menos sometidas al desgaste.",66425124f149716776628a7b
8809227,Vuelo estable,Excelente estabilidad gracias a su construcción con 12 paneles simétricos.,66425124f149716776628a7c
8809227,Inflado duradero,Conservación de la presión asegurada gracias a la cámara de caucho laminada.,66425124f149716776628a7d
8734249,Toque del balón,El revestimiento de caucho esponjoso aporta un buen toque de balón.,6642512ef149716776628a7e
8734249,Resistencia,"Buena resistencia gracias al revestimiento de caucho esponjoso de 1,4 mm.",6642512ef149716776628a7f
8734249,Fijación,Buen agarre gracias a los 16 paneles (8 para los otros balones).,6642512ef149716776628a80
8734249,Calidad de rebote,Buena calidad de rebote gracias a la cámara totalmente revestida de poliéster.,6642512ff149716776628a81
8841164,Ligereza,"265 g para una talla 3: es un balón ligero, ideal para iniciarse en el rugby.",66425139f149716776628a82
8841164,Tracción,La superficie con relieve garantiza un buen agarre del balón.,6642513af149716776628a83
8812730,Resistencia,Superficie de TPU para una resistencia óptima,66425145f149716776628a84
8812730,Toque de balón,Superficie lisa.,66425145f149716776628a85
8790029,Resistencia,"Ha obtenido un índice de 2,27 tras una prueba de protocolo. Costuras interiores.",66425150f149716776628a86
8790029,Inflado duradero,11 % de pérdida de presión en 14 días.,66425150f149716776628a87
8790029,Vuelo estable,"Ha obtenido un índice de 5,96 tras una prueba de protocolo. Los clásicos 32 paneles.",66425150f149716776628a88
8790029,Calidad de rebote,Tu balón cumple los requisitos de la FIFA en materia de rebote.,66425150f149716776628a89
8753544,Resistencia,Revestimiento exterior de TPU para mayor resistencia a la abrasión.,6642515bf149716776628a8a
8753544,Inflado duradero,Cámara optimizada para una buena retención del aire.,6642515bf149716776628a8b
8753544,Reducción de los impactos,Balón más ligero acompañado de paneles acolchados para mayor confort de juego.,6642515bf149716776628a8c
8753544,Calidad de rebote,El balón cumple con las exigencias internacionales del fútbol en cuanto al rebote.,6642515bf149716776628a8d
8855483,Resistencia,Buena resistencia gracias a su revestimiento de caucho,66425166f149716776628a8e
8855483,Tracción,El grano del revestimiento exterior del balón asegura un buen agarre,66425166f149716776628a8f
8855483,Toque del balón,buen tacto de balón gracias al revestimiento de caucho.,66425166f149716776628a90
8747322,Adherencia,"Gracias a su revestimiento de cuero, cuanto más juegas, más adherencia tiene el balón.",66425171f149716776628a91
8804087,Tracción,La superficie tiene un relieve pronunciado para un excelente agarre del balón.,6642517bf149716776628a92
8497543,Fijación,Superficie mullida para un buen agarre del balón.,6642518ff149716776628a93
8497543,Resistencia,"Balón fabricado íntegramente en PVC, sin ftalatos.",6642518ff149716776628a94
8821975,Resistencia,32 paneles de igual superficie que favorecen la conservación de la forma.,6642519af149716776628a95
8821975,Toque de balón,"Exterior de PU de 0,8 mm con respaldo de espuma múltiple para un tacto suave",6642519af149716776628a96
8821975,Ease of inflation,Cámara de caucho y válvula PAL (Puma Air Lock) para una excelente retención.,6642519af149716776628a97
8858400,Resistencia a la abrasión,Superficie de TPU para una mayor resistencia.,664251a4f149716776628a98
8545796,Adaptabilidad,Talla adecuada para aprender los gestos técnicos del fútbol sala,664251b9f149716776628a99
8545796,Toque del balón,"Revestimiento de PVC de 1,8 mm para un toque de balón óptimo.",664251b9f149716776628a9a
8545796,Calidad de rebote,Rebote controlado y regular gracias a la guata integrada.,664251b9f149716776628a9b
8826051,Tracción,Superficie mullida y texturizada para un buen agarre del balón.,664251c4f149716776628a9c
8826051,Resistencia,"Balón fabricado íntegramente en PVC, sin ftalatos.",664251c4f149716776628a9d
8368090,Adherencia,El agarre del balón está garantizado gracias a su tecnología. Hydratec Tri Grip.,664251cef149716776628a9e
8368090,Control de la trayectoria,La trayectoria del balón en el aire es correcta en el juego con las manos.,664251cef149716776628a9f
8368090,Resistencia,Su revestimiento de polialgodón y algodón 3 capas proporciona durabilidad al balón.,664251cef149716776628aa0
8794859,Toque del balón,Material flexible y adherente para un agarre perfecto con una sola mano,664251d9f149716776628aa1
8794859,Agarre ergonómico,Los cordones gruesos brindan más agarre al,664251d9f149716776628aa2
8811478,Toque del balón,Cubierta exterior lisa y espumada de 3 mm para un excelente confort.,664251e3f149716776628aa3
8811478,Resistencia,"Las costuras de los paneles están ocultas y, por tanto, menos sometidas al desgaste.",664251e3f149716776628aa4
8811478,Vuelo estable,Excelente estabilidad gracias a su construcción simétrica de 6 paneles.,664251e3f149716776628aa5
8811478,Inflado duradero,Conservación de la presión asegurada gracias a la cámara de caucho laminada.,664251e3f149716776628aa6
8772251,Toque del balón,La espuma facilita a los niños un contacto suave con el balón.,664251eef149716776628aa7
8772251,Calidad de rebote,El efecto retardado de la espuma ayuda a los que se inician en el proceso de aprendizaje.,664251eef149716776628aa8
8772251,Resistencia,Resistente en todas las superficies.,664251eef149716776628aa9
8619218,Resistencia,"Costuras de los paneles en el interior, por tanto menos sometidas al desgaste.",6642520bf149716776628aaa
8619218,Inflado duradero,Conservación de la presión asegurada gracias a la cámara de butilo.,6642520bf149716776628aab
8619218,Vuelo estable,El clásico 32 paneles con costuras invisibles.,6642520bf149716776628aac
8619218,Calidad de rebote,El balón cumple con las exigencias internacionales en cuanto al rebote.,6642520bf149716776628aad
8619218,Toque del balón,Paneles de espuma bajo el revestimiento para mayor comodidad.,6642520cf149716776628aae
8853543,Resistencia,Excelente resistencia gracias al revestimiento de caucho exclusivo.,6642521ff149716776628aaf
8853543,Inflado duradero,3 veces menos pérdida de presión que un balón clásico gracias a su cámara única.,6642521ff149716776628ab0
8853543,Fijación,Excelente agarre gracias al revestimiento exclusivo de caucho y a su textura.,6642521ff149716776628ab1
8853543,Toque del balón,Buen tacto de balón gracias al revestimiento de caucho esponjoso.,6642521ff149716776628ab2
8881753,Calidad de rebote,Diseñado con equilibrio constante para garantizar un rebote controlado.,6642522af149716776628ab3
8881753,Tracción,Interior de espuma de 4 mm para un agarre óptimo.,6642522af149716776628ab4
8881753,Resistencia,El balón está fabricado con cuero sintético extremadamente resistente.,6642522af149716776628ab5
8733516,Resistencia,Componente ultrarresistente y costuras ocultas para aumentar la resistencia,66425235f149716776628ab6
8733516,Precisión,"Tamaño reducido y rebote semicontrolado, ideal para un juego rápido y técnico",66425236f149716776628ab7
8733516,Inflado duradero,Conservación de la presión óptima gracias a la cámara de butilo y caucho natural.,66425236f149716776628ab8
8733516,Toque del balón,Revestimiento exterior texturado 100% PU para combinar resistencia y comodidad de juego,66425236f149716776628ab9
8619213,Resistencia,"Costuras de los paneles en el interior, por tanto menos sometidas al desgaste.",66425240f149716776628aba
8619213,Inflado duradero,Conservación de la presión asegurada gracias a la cámara de butilo.,66425240f149716776628abb
8619213,Vuelo estable,Pasa de 32 a 24 paneles con costuras invisibles.,66425241f149716776628abc
8619213,Calidad de rebote,El balón cumple con las exigencias internacionales en cuanto al rebote.,66425241f149716776628abd
8619213,Toque del balón,"El revestimiento exterior de poliuretano de 1,4 mm proporciona más sensaciones.",66425241f149716776628abe
8827905,Resistencia,"Obtuvo un índice de 4,23 tras una prueba protocolizada. Sin costuras.",6642524cf149716776628abf
8827905,Inflado duradero,23% de pérdida de presión en 14 días.,6642524cf149716776628ac0
8827905,Vuelo estable,"Obtuvo un índice de 7,78 tras una prueba protocolizada. 12 paneles ranurados.",6642524cf149716776628ac1
8827905,Calidad de rebote,Balón que cumple con los requisitos de la FIFA en términos de rebote.,6642524cf149716776628ac2
8579036,Resistencia,Las costuras hechas a mano y el triple laminado aportan resistencia.,66425257f149716776628ac3
8579036,Adherencia,La superficie tiene un relieve pronunciado para un excelente agarre del balón.,66425257f149716776628ac4
8579036,Toque del balón,Capa de neopreno para aportar mejores sensaciones con el balón en la mano.,66425258f149716776628ac5
8790043,Resistencia,"Ha obtenido un índice de 2,27 tras una prueba de protocolo. Costuras interiores.",66425262f149716776628ac6
8790043,Ligereza,Balón un 17 % más ligero que un balón tradicional de la misma talla.,66425262f149716776628ac7
8790043,Inflado duradero,13 % de pérdida de presión en 14 días.,66425262f149716776628ac8
8790043,Calidad de rebote,El balón cumple con las exigencias internacionales en cuanto al rebote.,66425262f149716776628ac9
8834379,Toque del balón,Nuevo modelo con una nueva espuma de neopreno para mayor comodidad.,6642527ef149716776628aca
8746957,Toque del balón,tecnología PURE FEEL COVER: sensación y resistencia del tacto del balón,66425289f149716776628acb
8746957,Inflado duradero,tecnología EVER BOUNCE para una mejor retención del aire y un rebote constante,66425289f149716776628acc
8648083,Toque del balón,Excelente tacto gracias al exterior de poliuretano esponjoso y microfibras.,66425294f149716776628acd
8648083,Calidad de rebote,Cámara revestida de 30 % poliéster y 70 % poliamida para un rebote excelente.,66425294f149716776628ace
8648083,Inflado duradero,Prolonga el periodo de inflado gracias a la cámara con 80 % de butilo.,66425295f149716776628acf
8648083,Resistencia,"Buena resistencia gracias al revestimiento de poliuretano de 1,6 mm.",66425295f149716776628ad0
8648083,Fijación,Excelente agarre gracias al diseño de los canales profundos.,66425295f149716776628ad1
8741080,Resistencia,Buena resistencia gracias a su revestimiento de caucho,664252a0f149716776628ad2
8741080,Tracción,El grano del revestimiento exterior del balón asegura un buen agarre.,664252a0f149716776628ad3
8741080,Toque del balón,Buen tacto de balón gracias al revestimiento de caucho.,664252a0f149716776628ad4
8579050,Adherencia,Caucho de gran calidad para mejorar el agarre.,664252abf149716776628ad5
8579050,Toque del balón,Capa de neopreno para aportar mejores sensaciones con el balón en la mano.,664252abf149716776628ad6
8579050,Resistencia,"Construcción en 3 laminados y costuras a mano, para un uso frecuente.",664252abf149716776628ad7
8640222,Amortiguación,Composición 100% espuma. Mejora la amortiguación y la comodidad,664252b6f149716776628ad8
8640222,Adherencia,El balón tiene relieve en la superficie para facilitar el agarre y la adherencia.,664252b6f149716776628ad9
8640222,Reducción de los impactos,La composición de espuma de doble densidad reduce los impactos,664252b6f149716776628ada
8579052,Adherencia,Caucho de gran calidad para mejorar el agarre.,664252c1f149716776628adb
8579052,Toque del balón,Capa de neopreno para aportar mejores sensaciones con el balón en la mano.,664252c1f149716776628adc
8579052,Resistencia,"Construcción en 3 laminados y costuras a mano, para un uso frecuente.",664252c2f149716776628add
8818120,Toque del balón,"Un balón de PVC de tacto suave muy agradable, contacto fácil",664252cdf149716776628ade
8818120,Impermeabilidad,Balón sin costuras e impermeable.,664252cdf149716776628adf
8818120,Ligereza,"Un balón ligero para un contacto fácil, no provoca traumatismos.",664252cdf149716776628ae0
8669625,Tracción,El revestimiento de material sintético texturizado integra dos capas de espuma.,66425306f149716776628ae1
8669625,Resistencia,Costuras no aparentes para evitar los daños por contacto.,66425306f149716776628ae2
8669625,Calidad de rebote,Cámara de caucho recubierta de un tejido de poliéster.,66425306f149716776628ae3
8669625,Air retention,Material de envoltura alrededor de la cámara para garantizar un inflado uniforme y resistente.,66425306f149716776628ae4
8740954,Toque del balón,Material flexible y adherente para un agarre perfecto con una mano,66425311f149716776628ae5
8740954,Agarre ergonómico,El doble cordón grueso ofrece una mayor adherencia al lanzar el balón.,66425311f149716776628ae6
8768655,Resistencia,"Sin costuras exteriores, retención de forma y mínima absorción de agua.",6642531cf149716776628ae7
8768655,Toque del balón,Construcción híbrida sin costuras visibles.,6642531cf149716776628ae8
8768655,Reducción de los impactos,"El exterior de PU de 0,8 mm con soporte de espuma múltiple proporciona amortiguación y potencia.",6642531cf149716776628ae9
8772106,Resistencia,Resiste a 2.500 tiros contra un plano inclinado a 50 km/h (probado en laboratorio,66425342f149716776628aea
8772106,Inflado duradero,Cámara de látex.,66425342f149716776628aeb
8406308,Fijación,Revestimiento de poliuretano y granos sobreimpresos para un buen agarre.,66425369f149716776628aec
8406308,Agarre ergonómico,Da un efecto rotativo a tus lanzamientos gracias al doble cordón de poliuretano.,66425369f149716776628aed
8406308,Resistencia,"Cubierto por 4 paneles de poliuretano cosidos, tu balón es más resistente.",66425369f149716776628aee
8406308,Inflado duradero,Conservación de la presión asegurada gracias a la cámara de butilo y látex.,66425369f149716776628aef
8602089,Toque del balón,El toque de espuma hace que los intercambios en el voleibol sean agradables.,66425390f149716776628af0
8602089,Peso,"Balón ligero, 180/200 g, ideal para el aprendizaje del voleibol en interior.",66425390f149716776628af1
8602089,Resistencia,Prueba realizada en laboratorio de 5.000 disparos a 50 km/h.,66425390f149716776628af2
8602089,Calidad de rebote,Sin cambios bruscos de dirección cuando el balón toca el suelo.,66425390f149716776628af3
8776374,Vuelo estable,Exclusivo diseño con 12 paneles de PU microfibra ranurados.,664253a4f149716776628af4
8776374,Calidad de rebote,El rebote cumple con los requisitos de las normas internacionales de fútbol.,664253a4f149716776628af5
8776374,Resistencia,Construcción termosellada con una cámara laminada para una resistencia óptima.,664253a4f149716776628af6
8776374,Inflado duradero,Conservación de la presión asegurada gracias a la cámara de caucho laminada.,664253a5f149716776628af7
8741082,Resistencia,Buena resistencia gracias a su revestimiento de caucho.,664253caf149716776628af8
8741082,Tracción,El grano del revestimiento exterior del balón asegura un buen agarre.,664253caf149716776628af9
8741082,Toque del balón,Buen tacto de balón gracias al revestimiento de caucho.,664253caf149716776628afa
8816338,Resistencia impacto,Piel sintética y balón cosido a mano para aportar mayor resistencia.,664253def149716776628afb
8816338,Calidad de rebote,"Su cámara ""cero pliegues"", compuesta de 32 panales, ofrece una redondez óptima.",664253def149716776628afc
8549502,Resistencia,Tu balón es más resistente gracias al revestimiento de caucho.,664253f2f149716776628afd
8549502,Fijación,Agarre optimizado gracias al grosor del revestimiento exterior.,664253f2f149716776628afe
8549502,Agarre ergonómico,Añade un efecto rotativo a tus lanzamientos con el cordón integrado al balón.,664253f2f149716776628aff
8625754,Toque del balón,Tacto soft,66425418f149716776628b00
8625754,Calidad de rebote,El rebote cumple las normas FIBA,66425418f149716776628b01
8741081,Resistencia,Buena resistencia gracias a su revestimiento de caucho.,66425435f149716776628b02
8741081,Tracción,El grano del revestimiento exterior del balón asegura un buen agarre.,66425436f149716776628b03
8741081,Toque del balón,Buen tacto de balón gracias al revestimiento de caucho.,66425436f149716776628b04
8875335,Ligereza,Un balón ligero y flexible,664254a2f149716776628b05
8608043,Resistencia,Cosido a mano siguiendo las recomendaciones de World Rugby.,664254adf149716776628b06
8790025,Resistencia,"Ha obtenido un índice de 2,27 tras una prueba de protocolo. Costuras interiores.",664254b8f149716776628b07
8790025,Inflado duradero,11 % de pérdida de presión en 14 días.,664254b8f149716776628b08
8790025,Vuelo estable,"Ha obtenido un índice de 5,96 tras una prueba de protocolo. Los clásicos 32 paneles.",664254b8f149716776628b09
8790025,Calidad de rebote,El balón cumple con las exigencias internacionales en cuanto al rebote.,664254b8f149716776628b0a
8603755,Toque del balón,Buen tacto gracias al revestimiento de materia plástica con espuma,66425509f149716776628b0b
8603755,Inflado duradero,Prolonga el periodo entre dos inflados gracias a la cámara con 30% de butilo.,6642550af149716776628b0c
8603755,Calidad de rebote,Buena calidad de rebote gracias a la cámara totalmente revestida de poliéster.,6642550af149716776628b0d
8603755,Resistencia,Buena resistencia gracias al revestimiento de materia plástica con espuma.,6642550af149716776628b0e
8603755,Fijación,Buen agarre gracias al diseño profundo de los canales.,6642550af149716776628b0f
8795796,Resistencia,Las costuras de los paneles están cosidas a mano para mayor resistencia,6642551ef149716776628b10
8795796,Inflado duradero,Conservación de la presión asegurada gracias a la cámara de butilo.,6642551ef149716776628b11
8795796,Calidad de rebote,El balón cumple con las exigencias internacionales en cuanto al rebote.,6642551ef149716776628b12
8795796,Toque del balón,Paneles de espuma bajo el revestimiento para mayor comodidad.,6642551ef149716776628b13
8618639,Toque del balón,Excelente tacto gracias al exterior de poliuretano esponjoso y microfibras.,6642552af149716776628b14
8618639,Inflado duradero,Prolonga el periodo de inflado gracias a la cámara con 80% de butilo.,6642552af149716776628b15
8618639,Calidad de rebote,Cámara revestida de 30% poliéster y 70% poliamida para un rebote excelente.,6642552af149716776628b16
8618639,Resistencia,"Buena resistencia gracias al revestimiento de poliuretano de 1,6 mm.",6642552af149716776628b17
8618639,Tracción,Excelente agarre gracias al diseño de canales profundos y a la superficie rugosa.,6642552af149716776628b18
8497537,Resistencia,Balón de poliuretano reforzado y cosido a mano para una resistencia óptima.,66425535f149716776628b19
8497537,Precisión,La cámara contraequilibrada garantiza una estabilidad excelente en el suelo.,66425535f149716776628b1a
8497537,Adherencia,La textura del material (poliuretano) ofrece mayor adherencia.,66425535f149716776628b1b
8497537,Calidad de rebote,"Rebote controlado, cumple las normas de fútbol sala FIFA Quality Pro.",66425536f149716776628b1c
8497537,Inflado duradero,Excelente conservación de la presión gracias a la cámara de 80% butilo.,66425536f149716776628b1d
8497537,Toque del balón,"Revestimiento más resistente (100% de PU de 1,5 mm) y agradable al contacto.",66425536f149716776628b1e
8796268,Toque del balón,El componente exterior de poliuretano aporta un toque de balón excelente.,664255bff149716776628b1f
8796268,Fijación,Muy buen agarre en interior y exterior gracias a la capa exterior granulada.,664255bff149716776628b20
8796268,Inflado duradero,La cámara con 80 % de butilo conserva la presión de inflado durante más tiempo.,664255bff149716776628b21
8796268,Calidad de rebote,"Excelente rebote, cámara revestida por un 70 % de poliéster y un 30 % de poliamida.",664255bff149716776628b22
8796268,Resistencia,"Muy buena resistencia gracias al revestimiento de poliuretano de 1,6 mm.",664255bff149716776628b23
8736927,Vuelo estable,Pasa de 32 a 24 paneles con costuras invisibles.,664255cbf149716776628b24
8736927,Toque del balón,"El revestimiento exterior de poliuretano de 1,4 mm proporciona más sensaciones.",664255cbf149716776628b25
8736927,Calidad de rebote,El balón cumple con las exigencias internacionales en cuanto al rebote.,664255cbf149716776628b26
8736927,Resistencia,"Costuras de los paneles en el interior, por tanto menos sometidas al desgaste.",664255cbf149716776628b27
8736927,Inflado duradero,Conservación de la presión asegurada gracias a la cámara de butilo.,664255cbf149716776628b28
8572437,Resistencia,"Costuras del balón en el interior, por lo tanto invisibles y más resistentes.",664255d6f149716776628b29
8572437,Precisión,La cámara contraequilibrada garantiza una estabilidad excelente en el suelo.,664255d6f149716776628b2a
8572437,Adherencia,La textura del material (poliuretano) ofrece mayor adherencia.,664255d7f149716776628b2b
8572437,Calidad de rebote,"Rebote controlado, cumple las normas de fútbol sala FIFA Quality Pro.",664255d7f149716776628b2c
8572437,Inflado duradero,Excelente conservación de la presión gracias a la cámara de 80% butilo.,664255d7f149716776628b2d
8572437,Toque del balón,"Revestimiento más resistente (100% de PU de 1,5 mm) y agradable al contacto.",664255d7f149716776628b2e
8870216,Resistencia,Resistente a los roces gracias al recubrimiento 100 % TPU.,6642565df149716776628b2f
8870216,Inflado duradero,Conservación de la presión asegurada gracias a la cámara de butilo.,6642565df149716776628b30
8648080,Toque del balón,Excelente tacto gracias al exterior de poliuretano esponjoso y microfibras.,664256f0f149716776628b31
8648080,Inflado duradero,Prolonga el periodo de inflado gracias a la cámara con 80 % de butilo.,664256f0f149716776628b32
8648080,Calidad de rebote,Cámara revestida de 30 % poliéster y 70 % poliamida para un rebote excelente.,664256f0f149716776628b33
8648080,Resistencia,"Buena resistencia gracias al revestimiento de poliuretano de 1,6 mm.",664256f0f149716776628b34
8648080,Fijación,Excelente agarre gracias al diseño de los canales profundos.,664256f0f149716776628b35
8819853,Resistencia,Cámara laminada combinada con una confección termosellada.,664256fcf149716776628b36
8819853,Inflado duradero,Conservación de la presión asegurada gracias a la cámara laminada.,664256fcf149716776628b37
8819853,Vuelo estable,Balón termosellado con 12 paneles combinados con líneas ranuradas.,664256fcf149716776628b38
8819853,Calidad de rebote,El balón cumple con las exigencias internacionales en cuanto al rebote.,664256fcf149716776628b39
8819853,Toque del balón,Revestimiento exterior de espuma de 5 mm para ofrecer un confort óptimo.,664256fcf149716776628b3a
8678665,Tracción,Tendrás un agarre excelente gracias a su superficie de poliuretano composite.,66425707f149716776628b3b
8678665,Facilidad de aprendizaje,Su doble cordón (Sistema ACL) ofrece un mejor agarre.,66425707f149716776628b3c
8778689,Toque del balón,Excelente agarre en mano por su superficie soft y los paneles que favorecen el agarre.,664257adf149716776628b3d
8778689,Resistencia impacto,Piel sintética y balón cosido a mano para aportar una resistencia perfecta.,664257adf149716776628b3e
8778689,Calidad de rebote,Cámara estudiada específicamente para una redondez óptima.,664257adf149716776628b3f
8587602,Tracción,"2 años de investigación, 8 componentes probados en laboratorio y con expertos.",6642587af149716776628b40
8587602,Resistencia impacto,"Probado en laboratorio, este balón resiste 1500 disparos en una placa de acero.",6642587af149716776628b41
8587602,Sujeción del producto,Varias capas de espuma y piezas de refuerzo protegen una cámara técnica.,6642587af149716776628b42
8587603,Tracción,"2 años de investigación, 8 componentes probados en laboratorio y con expertos.",66425884f149716776628b43
8587603,Resistencia impacto,"Probado en laboratorio, este balón resiste 1500 disparos en una placa de acero.",66425884f149716776628b44
8587603,Sujeción del producto,Varias capas de espuma y piezas de refuerzo protegen una cámara técnica.,66425885f149716776628b45
8587604,Tracción,"2 años de investigación, 8 componentes probados en laboratorio y con expertos.",66425890f149716776628b46
8587604,Resistencia impacto,"Probado en laboratorio, este balón resiste 1500 disparos en una placa de acero.",66425890f149716776628b47
8587604,Sujeción del producto,Varias capas de espuma y piezas de refuerzo protegen una cámara técnica.,66425890f149716776628b48
8875334,Solidez,Fabricado en PVC para una mayor resistencia a lo largo del tiempo.,6642589af149716776628b49
8497545,Fijación,Superficie mullida para un buen agarre del balón.,664258a5f149716776628b4a
8497545,Resistencia,"Balón fabricado íntegramente en PVC, sin ftalatos.",664258a5f149716776628b4b
8668619,Resistencia,Resiste a 2.500 tiros contra un plano inclinado a 50 km/h (probado en laboratorio,6642596ef149716776628b4c
8668619,Inflado duradero,Cámara de látex.,6642596ef149716776628b4d
8766424,Resistencia,Cosido a mano siguiendo las recomendaciones de World Rugby.,664259baf149716776628b4e
8394289,Adherencia,El grip de este balón proporciona un buen agarre durante el juego.,664259d6f149716776628b4f
8394289,Resistencia,"Balón cosido a mano, es más resistente a largo plazo.",664259d6f149716776628b50
8394289,Control de la trayectoria,"Cámara equilibrada, para un juego preciso con el pie.",664259d6f149716776628b51
8394289,Toque del balón,Revestimiento de polialgodón y caucho G-S para un buen toque.,664259d6f149716776628b52
8848971,Tracción,Revestimiento de PU de piel sintética con una textura granulada.,66425a8af149716776628b53
8848971,Vuelo estable,Balón equilibrado que permite un rebote muy bueno y una trayectoria óptima,66425a8af149716776628b54
8848971,Ease of inflation,Una cámara de aire de látex 0 wing para un inflado duradero,66425a8af149716776628b55
8790045,Resistencia,"Ha obtenido un índice de 2,27 tras una prueba de protocolo. Costuras interiores.",66425a94f149716776628b56
8790045,Ligereza,Balón un 30 % más ligero que un balón tradicional de la misma talla.,66425a94f149716776628b57
8790045,Inflado duradero,18 % de pérdida de presión en 14 días.,66425a94f149716776628b58
8790045,Calidad de rebote,El balón cumple con las exigencias internacionales en cuanto al rebote.,66425a94f149716776628b59
8798676,Tracción,Los cordones en relieve añaden puntos de agarre a los dedos.,66425c67f149716776628b5a
8798676,Confort,La gruesa capa de espuma confiere flexibilidad al balón.,66425c67f149716776628b5b
8798676,Precisión,Su buen agarre permite realizar lanzamientos más precisos.,66425c67f149716776628b5c
8669631,Tracción,El revestimiento de material sintético texturizado integra dos capas de espuma.,66425ccff149716776628b5d
8669631,Resistencia,Costuras no aparentes para evitar los daños por contacto.,66425ccff149716776628b5e
8669631,Calidad de rebote,Cámara de caucho recubierta de un tejido de poliéster.,66425ccff149716776628b5f
8669631,Air retention,Material de envoltura alrededor de la cámara para garantizar un inflado uniforme y resistente.,66425ccff149716776628b60
8669632,Tracción,El revestimiento de material sintético texturizado integra dos capas de espuma.,66425cdaf149716776628b61
8669632,Resistencia,Costuras no aparentes para evitar los daños por contacto.,66425cdaf149716776628b62
8669632,Calidad de rebote,Cámara de caucho recubierta de un tejido de poliéster.,66425cdaf149716776628b63
8669632,Air retention,Material de envoltura alrededor de la cámara para garantizar un inflado uniforme y resistente.,66425cdaf149716776628b64
8873232,Ligereza,PU con superficie de espuma air-touch.,66425ce5f149716776628b65
8550605,Adherencia,Superficie con picos para un mejor agarre del balón.,66425cf0f149716776628b66
8550605,Toque del balón,Balón suave y ligero para ofrecer comodidad y seguridad a los más pequeños,66425cf0f149716776628b67
8550605,Resistencia,"Material de PVC resistente al agua y a cualquier superficie (arena, asfalto).",66425cf0f149716776628b68
8577298,Resistencia,Excelente resistencia gracias a la envoltura de caucho.,66425dc7f149716776628b69
8577298,Inflado duradero,3 veces menos pérdida de presión que un balón clásico gracias a su cámara única.,66425dc7f149716776628b6a
8577298,Fijación,Excelente agarre gracias a la envoltura de caucho y el taqueado único.,66425dc7f149716776628b6b
8577298,Toque del balón,Buen tacto de balón gracias al revestimiento de caucho esponjoso.,66425dc7f149716776628b6c
8604443,Resistencia,Prueba realizada en laboratorio de 5.000 disparos a 50 km/h.,66425e39f149716776628b6d
8604443,Toque del balón,"Para un agarre agradable, el balón se ha concebido con material sintético.",66425e39f149716776628b6e
8604443,Peso,"Este balón cumple con los estándares oficiales, a saber 260/280 g.",66425e39f149716776628b6f
8804083,Tracción,La superficie tiene un relieve pronunciado para un excelente agarre del balón.,66425e4bf149716776628b70
8790037,Resistencia,"Ha obtenido un índice de 2,27 tras una prueba de protocolo. Costuras interiores.",66425e6ff149716776628b71
8790037,Ligereza,Balón un 15 % más ligero que un balón tradicional de la misma talla.,66425e6ff149716776628b72
8790037,Inflado duradero,13 % de pérdida de presión en 14 días.,66425e70f149716776628b73
8790037,Calidad de rebote,El balón cumple con las exigencias internacionales en cuanto al rebote.,66425e70f149716776628b74
8668648,Resistencia,Resiste 2.500 tiros contra un plano inclinado a 50 km/h (probado en laboratorio,66425ec7f149716776628b75
8668648,Calidad de rebote,32 paneles con 2 capas de laminado junto a una cámara de butilo y látex.,66425ec7f149716776628b76
8668648,Inflado duradero,Cámara de látex.,66425ec7f149716776628b77
8668643,Resistencia,Resiste 2.500 tiros contra un plano inclinado a 50 km/h (probado en laboratorio,66425ed2f149716776628b78
8668643,Calidad de rebote,32 paneles con 2 capas de laminado junto a una cámara de butilo y látex.,66425ed2f149716776628b79
8668643,Inflado duradero,Cámara de látex.,66425ed2f149716776628b7a
8668622,Resistencia,Resiste 2.500 tiros contra un plano inclinado a 50 km/h (probado en laboratorio,66425edcf149716776628b7b
8668622,Calidad de rebote,32 paneles con 2 capas de laminado junto a una cámara de butilo y látex.,66425edcf149716776628b7c
8668622,Inflado duradero,Cámara de látex.,66425eddf149716776628b7d
8668516,Resistencia,Resiste 2.500 tiros contra un plano inclinado a 50 km/h (probado en laboratorio,66425ee7f149716776628b7e
8668516,Calidad de rebote,32 paneles con 2 capas de laminado junto a una cámara de butilo y látex.,66425ee7f149716776628b7f
8668516,Inflado duradero,Cámara de látex.,66425ee7f149716776628b80
8853729,Suavidad,El componente acolchado garantiza una comodidad excelente en la mano.,66425ef2f149716776628b81
8853729,Tracción,Formas y relieves realizados por gofrado para asegurar un grip flexible.,66425ef2f149716776628b82
8669266,Resistencia,Resiste 2.500 tiros contra un plano inclinado a 50 km/h (probado en laboratorio,66425efcf149716776628b83
8669266,Calidad de rebote,32 paneles con 2 capas de laminado junto a una cámara de butilo y látex.,66425efcf149716776628b84
8666537,Resistencia,Resiste 2.500 tiros contra un plano inclinado a 50 km/h (probado en laboratorio,66425f07f149716776628b85
8666537,Calidad de rebote,32 paneles con 2 capas de laminado junto a una cámara de butilo y látex.,66425f07f149716776628b86
8666537,Inflado duradero,Cámara de látex.,66425f07f149716776628b87
8666537,Resistencia,Resiste 2.500 tiros contra un plano inclinado a 50 km/h (probado en laboratorio,66425f07f149716776628b88
8666537,Calidad de rebote,32 paneles con 2 capas de laminado junto a una cámara de butilo y látex.,66425f07f149716776628b89
8666537,Inflado duradero,Cámara de látex.,66425f07f149716776628b8a
8666487,Resistencia,Resiste 2.500 tiros contra un plano inclinado a 50 km/h (probado en laboratorio,66425f13f149716776628b8b
8666487,Calidad de rebote,32 paneles con 2 capas de laminado junto a una cámara de butilo y látex.,66425f13f149716776628b8c
8666487,Inflado duradero,Cámara de látex.,66425f13f149716776628b8d
8666487,Resistencia,Resiste 2.500 tiros contra un plano inclinado a 50 km/h (probado en laboratorio,66425f13f149716776628b8e
8666487,Calidad de rebote,32 paneles con 2 capas de laminado junto a una cámara de butilo y látex.,66425f13f149716776628b8f
8666487,Inflado duradero,Cámara de látex.,66425f13f149716776628b90
8771766,Resistencia,Resiste 2.500 tiros contra un plano inclinado a 50 km/h (probado en laboratorio,66425f27f149716776628b91
8668644,Resistencia,Resiste a 2.500 tiros contra un plano inclinado a 50 km/h (probado en laboratorio,66425f32f149716776628b92
8668644,Inflado duradero,Cámara de látex.,66425f32f149716776628b93
8801128,Tracción,Formas y relieves realizados por gofrado para asegurar un grip flexible.,66425f45f149716776628b94
8801128,Suavidad,El componente «acolchado» garantiza una comodidad excelente en la mano.,66425f45f149716776628b95
8579039,Resistencia,"Costuras cosidas a mano y triple laminado, para proporcionar durabilidad.",66425f50f149716776628b96
8579039,Adherencia,La superficie tiene un relieve pronunciado para un excelente agarre del balón.,66425f50f149716776628b97
8579039,Toque del balón,Capa de neopreno para aportar mejores sensaciones con el balón en la mano.,66425f50f149716776628b98
8767480,Adherencia,Un revestimiento exterior que ofrece un grip óptimo para cualquier tiempo,66425f5bf149716776628b99
8767480,Control de la trayectoria,Una forma de torpedo aerodinámico para pases más largos y precisos.,66425f5bf149716776628b9a
8767480,Resistencia,Construcción en tres laminados y paneles cosidos a mano.,66425f5bf149716776628b9b
8917280,Resistencia,Balón de entrenamiento polivalente fabricado con piel sintética resistente.,66425f65f149716776628b9c
8917280,Calidad de rebote,Cámara Zero-Wing en el interior para una redondez óptima.,66425f65f149716776628b9d
8917280,Toque de balón,"Espuma mejorada en el interior, de tacto suave y agradable de coger.",66425f65f149716776628b9e
8873960,Calidad de rebote,Cámara de látex con válvula de purga de aire,66425f70f149716776628b9f
8873960,Inflado duradero,Microfibra PU con espuma resistente al aire y válvula de purga de aire.,66425f70f149716776628ba0
8929618,Tracción,"Muy buen agarre, ranuras anchas para facilitar los lanzamientos.",66425f7af149716776628ba1
8929618,Resistencia a la abrasión,Revestimiento de caucho muy resistente.,66425f7af149716776628ba2
8569814,Toque del balón,Nuevo armazón y menos grafismo para mejorar el agarre.,66425f85f149716776628ba3
8569814,Resistencia,Hasta 1500 disparos sobre una placa de acero.,66425f85f149716776628ba4
8569814,Inflado duradero,Nueva cámara para mejorar el rebote.,66425f85f149716776628ba5
8569813,Toque del balón,Nuevo armazón y menos grafismo para mejorar el agarre.,66425f90f149716776628ba6
8569813,Resistencia,Hasta 1500 disparos sobre una placa de acero.,66425f90f149716776628ba7
8569813,Inflado duradero,Nueva cámara para mejorar el rebote.,66425f90f149716776628ba8
8814094,Inflado duradero,Vejiga de alta retención de aire (HAR) con excelente retención de aire.,66425f9bf149716776628ba9
8814094,Resistencia,Construcción con 24 paneles. Características de juego optimizadas y durabilidad.,66425f9bf149716776628baa
8814094,Toque de balón,Material superior estructurado con una capa adicional de espuma.,66425f9bf149716776628bab
8668610,Resistencia,Resiste 2.500 tiros contra un plano inclinado a 50 km/h (probado en laboratorio).,66425fa5f149716776628bac
8668610,Calidad de rebote,32 paneles con 2 capas de laminado junto a una cámara de butilo y látex.,66425fa5f149716776628bad
8668610,Inflado duradero,Cámara de látex.,66425fa5f149716776628bae
8668649,Resistencia,Resiste a 2.500 tiros contra un plano inclinado a 50 km/h (probado en laboratorio,66425fb0f149716776628baf
8668649,Inflado duradero,Cámara de látex.,66425fb0f149716776628bb0
8555663,Inflado duradero,Cámara de caucho.,66425fbbf149716776628bb1
8555663,Calidad de rebote,32 paneles con 2 capas de laminación combinadas con una cámara de caucho.,66425fbbf149716776628bb2
8816213,Resistencia impacto,Piel sintética y balón cosido a mano para aportar mayor resistencia.,66425fc6f149716776628bb3
8816213,Calidad de rebote,"Su cámara ""cero pliegues"", compuesta de 32 panales, ofrece una redondez óptima.",66425fc6f149716776628bb4
8668624,Resistencia,Resiste a 2.500 tiros contra un plano inclinado a 50 km/h (probado en laboratorio,66425fd1f149716776628bb5
8668624,Inflado duradero,Cámara de látex.,66425fd1f149716776628bb6
8150442,Resistencia,32 paneles cosidos a mano. Componente exterior de fieltro.,66425fdcf149716776628bb7
8150442,Inflado duradero,Cámara de látex.,66425fdcf149716776628bb8
8150442,Precisión,Confección con 32 paneles cosidos a mano para ofrecer una buena esfericidad.,66425fdcf149716776628bb9
8496751,Fijación,Revestimiento de poliuretano y granos sobreimpresos para un buen agarre.,66425fe6f149716776628bba
8496751,Agarre ergonómico,Da un efecto rotativo a tus lanzamientos gracias al doble cordón de poliuretano.,66425fe6f149716776628bbb
8496751,Resistencia,"Cubierto por 4 paneles de poliuretano cosidos, tu balón es más resistente.",66425fe6f149716776628bbc
8496751,Inflado duradero,Conservación de la presión asegurada gracias a la cámara de butilo y látex.,66425fe6f149716776628bbd
8870217,Resistencia,Resistente a los roces gracias al recubrimiento 100 % TPU.,66426712f149716776628bbe
8870217,Inflado duradero,Conservación de la presión asegurada gracias a la cámara de butilo.,66426712f149716776628bbf
8870215,Resistencia,Resistente a los roces gracias al recubrimiento 100 % TPU.,6642671ef149716776628bc0
8870215,Inflado duradero,Conservación de la presión asegurada gracias a la cámara de butilo.,6642671ff149716776628bc1
8870214,Resistencia,Resistente a los roces gracias al recubrimiento 100 % TPU.,66426729f149716776628bc2
8870214,Inflado duradero,Conservación de la presión asegurada gracias a la cámara de butilo.,66426729f149716776628bc3
8848972,Fijación,Revestimiento de PU de piel sintética con una textura granulada.,66426745f149716776628bc4
8848972,Vuelo estable,Balón equilibrado que permite un rebote muy bueno y una trayectoria óptima,66426745f149716776628bc5
8848972,Ease of inflation,Una cámara de aire de látex 0 wing para un inflado duradero,66426745f149716776628bc6
8836317,Calidad de rebote,Su estructura asegura un rebote regular y un equilibrio óptimo,6642674ff149716776628bc7
8836317,Resistencia,Fabricado con piel sintética ultrarresistente.,6642674ff149716776628bc8
8836317,Ligereza,Su construcción lo hace más ligero y así mejorar la experiencia de juego,6642674ff149716776628bc9
8790051,Resistencia,"Ha obtenido un índice de 4,23 tras una prueba de protocolo. Sin costuras.",664267c0f149716776628bca
8790051,Inflado duradero,23 % de pérdida de presión en 14 días.,664267c0f149716776628bcb
8790051,Vuelo estable,"Ha obtenido una nota de 7,78 tras una prueba de protocolo. 12 paneles ranurados.",664267c0f149716776628bcc
8790051,Calidad de rebote,Balón que responde a las exigencias de la FIFA en materia de rebote.,664267c0f149716776628bcd
8666538,Resistencia,Resiste 2.500 tiros contra un plano inclinado a 50 km/h (probado en laboratorio,664267d3f149716776628bce
8666538,Calidad de rebote,32 paneles con 2 capas de laminado junto a una cámara de butilo y látex.,664267d3f149716776628bcf
8666538,Inflado duradero,Cámara de látex.,664267d3f149716776628bd0
8616153,Toque del balón,Buen tacto de balón gracias al revestimiento de caucho esponjoso.,66426a14f149716776628bd1
8616153,Resistencia,"Buena resistencia gracias al revestimiento de caucho esponjoso de 1,2 mm.",66426a14f149716776628bd2
8616153,Fijación,Buen agarre gracias al grano grueso del revestimiento.,66426a14f149716776628bd3
8616153,Calidad de rebote,Buena calidad de rebote gracias a la cámara con bobinado 100% de poliéster,66426a14f149716776628bd4
8616153,Toque del balón,Buen tacto de balón gracias al revestimiento de caucho esponjoso.,66426a14f149716776628bd5
8616153,Resistencia,"Buena resistencia gracias al revestimiento de caucho esponjoso de 1,2 mm.",66426a14f149716776628bd6
8616153,Fijación,Buen agarre gracias al grano grueso del revestimiento.,66426a14f149716776628bd7
8616153,Calidad de rebote,Buena calidad de rebote gracias a la cámara con bobinado 100% de poliéster,66426a14f149716776628bd8
8734212,Toque del balón,La espuma facilita a los niños un contacto suave con el balón.,66426bfef149716776628bd9
8771088,Ligereza,Balón un 18 % más ligero que un balón del mismo tamaño para facilitar los movimientos.,66426c09f149716776628bda
8771088,Toque del balón,"Exterior de espuma de poliuretano, lo que significa que causa menos traumatismos y es más manejable.",66426c09f149716776628bdb
8771088,Calidad de rebote,Excelente calidad de rebote con cámara totalmente revestida de poliamida.,66426c09f149716776628bdc
8771088,Resistencia,Resistente gracias al revestimiento de poliuretano con espuma de 2 mm para interior y exterior.,66426c09f149716776628bdd
8771088,Fijación,El revestimiento de espuma de poliuretano optimiza el agarre del balón.,66426c09f149716776628bde
8603634,Polivalencia,"Fitness, pilates, estiramientos, etc. ¡Sirve para un montón de ejercicios!",66426e39f149716776628bdf
8603635,Polivalencia,"Fitness, pilates, estiramientos, etc. ¡Sirve para un montón de ejercicios!",66426e44f149716776628be0
8603635,Polivalencia,"Fitness, pilates, estiramientos, etc. ¡Sirve para un montón de ejercicios!",66426e44f149716776628be1
8807702,Toque de balón,Espuma de baja densidad para un tacto agradable de la pelota.,66426e57f149716776628be2
8560721,Manejabilidad,"Su diámetro de 16,5 cm (+ o - 5 mm) es perfecto para los gimnastas más jóvenes",66426e61f149716776628be3
8560721,Ligereza,Peso pluma de 300 - 310 g adaptado a los gimnastas más jóvenes,66426e61f149716776628be4
8582623,Manejabilidad,"Su diámetro de 18,5 cm cumple las normas oficiales.",66426e6df149716776628be5
8582623,Ligereza,Su peso de 405 g cumple las normas oficiales.,66426e6df149716776628be6
8603633,Polivalencia,"Fitness, pilates, estiramientos, etc. ¡Sirve para un montón de ejercicios!",66426e77f149716776628be7
8753527,Resistencia,Balón de PVC grueso.,66426e82f149716776628be8
8753527,Calidad de rebote,La calidad del rebote depende de la presión del balón. Ajustable a tu juego.,66426e82f149716776628be9
8753527,Reducción de los impactos,Material flexible para mayor confort de juego.,66426e82f149716776628bea
8753527,Polivalencia,"Balón utilizable en terreno de hierba, arena y en el agua.",66426e82f149716776628beb
8753527,Ligereza,Más ligero que un balón clásico de fútbol.,66426e82f149716776628bec
8624440,Resistencia,Resistencia al reventón de hasta 130 kg.,66426e8df149716776628bed
8624440,Polivalencia,- Alivia la columna vertebral. - Ayuda a adoptar la postura correcta sentado.,66426e8df149716776628bee
8624440,Adherencia,- La superficies es muy agradable para la piel y muy resistente a la vez.,66426e8df149716776628bef
8869112,Resistencia,"Superficie lisa, revestimiento con 100 % TPU.",66426ea9f149716776628bf0
8869112,Inflado duradero,"Núcleo de espuma resistente, no requiere inflado.",66426eaaf149716776628bf1
8869112,Resistencia impacto,Núcleo de espuma resistente.,66426eaaf149716776628bf2
8869112,Calidad de rebote,Construcción que garantiza un rebote óptimo,66426eaaf149716776628bf3
8797964,Toque del balón,"Una pelota de PVC de tacto suave muy agradable, para tener un buen agarre.",66426edff149716776628bf4
8797964,Impermeabilidad,Balón sin costuras e impermeable.,66426edff149716776628bf5
8797964,Ligereza,"Una pelota ligera para un contacto fácil, no provoca traumatismos.",66426edff149716776628bf6
8787970,Tiempo de inflado,¡Inflado y desinflado exprés en 25 s! Está equipada con una bomba integrada.,66426eeaf149716776628bf7
8787970,Polivalencia,¡Una pelota para muchos deportes!,66426eeaf149716776628bf8
8787970,Conectividad,5 vídeos de entrenamiento gratuitos a través del código QR de la bomba,66426eeaf149716776628bf9
8624439,Resistencia,Resistencia al reventón de hasta 130 kg.,66426fe5f149716776628bfa
8624439,Polivalencia,- Alivia la columna vertebral. - Ayuda a adoptar la postura correcta sentado.,66426fe5f149716776628bfb
8624439,Adherencia,- La superficies es muy agradable para la piel y muy resistente a la vez.,66426fe5f149716776628bfc
8753545,Resistencia,Revestimiento exterior de PVC para una buena resistencia.,66427024f149716776628bfd
8753545,Inflado duradero,Cámara optimizada para una buena retención del aire.,66427024f149716776628bfe
8753545,Reducción de los impactos,Balón de tamaño pequeño.,66427024f149716776628bff
8753545,Calidad de rebote,El balón cumple con las exigencias internacionales de fútbol en cuanto al rebote,66427024f149716776628c00
8822066,Resistencia a la abrasión,Superficie de TPU para más durabilidad.,664270f6f149716776628c01
8741007,Tracción,Buena sensación de agarre del revestimiento composite,66427101f149716776628c02
8869510,Resistencia,"Superficie lisa, revestimiento 100% TPU.",66427173f149716776628c03
8869510,Inflado duradero,"Núcleo de espuma resistente, no requiere inflado.",66427173f149716776628c04
8869510,Duración,Núcleo de espuma resistente.,66427173f149716776628c05
8869510,Calidad de rebote,Construcción que garantiza un rebote óptimo,66427173f149716776628c06
8787969,Tiempo de inflado,¡Inflado y desinflado exprés en 25 s! Está equipada con una bomba integrada.,664271a0f149716776628c07
8787969,Polivalencia,¡Una pelota para muchos deportes!,664271a0f149716776628c08
8787969,Conectividad,5 vídeos de entrenamiento gratuitos a través del código QR de la bomba.,664271a0f149716776628c09
8787967,Tiempo de inflado,¡Inflado y desinflado exprés en 25 s! Está equipada con una bomba integrada.,664271abf149716776628c0a
8787967,Polivalencia,¡Una Gym Ball para varios deportes!,664271abf149716776628c0b
8787967,Conectividad,5 vídeos de entrenamiento gratuitos a través del código QR de la bomba,664271abf149716776628c0c
8866120,Inflado duradero,Cámara de butilo.,6642752bf149716776628c0d
8866120,Toque del balón,Construcción TSBE sin costuras para un tacto excepcional y un juego perfecto.,6642752bf149716776628c0e
8866120,Resistencia,Revestimiento 100 % TPU.,6642752bf149716776628c0f
8893437,Resistencia,Revestimiento 100 % TPU.,66427536f149716776628c10
8893437,Inflado duradero,Conservación de la presión garantizada gracias a su cámara de butilo.,66427536f149716776628c11
8893437,Toque de balón,Construcción TSBE sin costuras para un mejor tacto,66427536f149716776628c12
8859957,Resistencia,Resistencia a la fricción gracias al revestimiento 100% TPU.,66427541f149716776628c13
8859957,Inflado duradero,Conservación de la presión garantizada gracias a su cámara de Butilo.,66427541f149716776628c14
8859957,Toque del balón,Construcción TSBE sin costuras para un mejor toque y menor absorción de agua,66427541f149716776628c15
8859957,Calidad de rebote,Balón que cumple con los requisitos internacionales en términos de rebote,66427541f149716776628c16
8771385,Toque del balón,El componente acolchado garantiza una comodidad excelente en la mano.,66427554f149716776628c17
8771385,Adherencia,Formas y relieves realizados por gofrado para asegurar un grip flexible.,66427554f149716776628c18
8771385,Ligereza,"Balón compuesto por una sola capa, para ser más ligero.",66427554f149716776628c19
8834369,Amortiguación,Nuevo modelo con una nueva espuma de neopreno para mayor comodidad.,6642755ff149716776628c1a
8834369,Resistencia,La espuma de neopreno aumenta de manera duradera la resistencia del producto.,6642755ff149716776628c1b
8554173,Fijación,Revestimiento de materia sintética texturizada.,66427569f149716776628c1c
8554173,Resistencia,Las costuras hechas a mano son las más resistentes.,6642756af149716776628c1d
8554173,Inflado duradero,Este balón ha sido probado para conservar la presión de inflado durante 3 días.,6642756af149716776628c1e
8836005,Calidad de rebote,Su estructura asegura un rebote regular y un equilibrio óptimo,66427574f149716776628c1f
8836005,Resistencia,Fabricado con piel sintética ultrarresistente,66427574f149716776628c20
8836005,Ligereza,Su construcción lo hace más ligero y así mejorar la experiencia de juego,66427574f149716776628c21
8496285,Adherencia,Superficie en relieve para un grip de calidad y mejor agarre.,66427580f149716776628c22
8496285,Ligereza,"275 gramos en talla 4, para aprender a realizar pases.",66427580f149716776628c23
8756606,Ligereza,"Peso pluma, 85 g",6642758bf149716776628c24
8756606,Toque del balón,La espuma es muy agradable y confiere al balón un tacto incomparable,6642758bf149716776628c25
8756606,Protección contra los golpes,Su composición de espuma permite jugar sin peligro,6642758bf149716776628c26
8778688,Toque del balón,Excelente agarre en mano por su superficie soft y los paneles que favorecen el agarre.,66427595f149716776628c27
8778688,Resistencia impacto,Piel sintética y balón cosido a mano para aportar una resistencia perfecta.,66427596f149716776628c28
8778688,Calidad de rebote,Cámara estudiada específicamente para una redondez óptima.,66427596f149716776628c29
8669611,Tracción,Balón de espuma para un agarre excelente con suavidad.,664275a1f149716776628c2a
8669611,Resistencia impacto,"Balón probado en laboratorio y en club, en las escuelas de balonmano.",664275a1f149716776628c2b
8669611,Inflado duradero,"Con este balón compuesto de espuma, olvídate de los problemas de inflado de la cámara.",664275a1f149716776628c2c
8766433,Resistencia,Cosido a mano siguiendo las recomendaciones de World Rugby.,664275adf149716776628c2d
8766433,Inflado duradero,La vejiga de látex sintético proporciona una buena retención de la presión.,664275adf149716776628c2e
8766433,Tracción,La cubierta de goma de 2 capas ofrece un buen agarre.,664275adf149716776628c2f
8619215,Resistencia,"Costuras de los paneles en el interior, por tanto menos sometidas al desgaste.",664275b7f149716776628c30
8619215,Inflado duradero,Conservación de la presión asegurada gracias a la cámara de butilo.,664275b7f149716776628c31
8619215,Vuelo estable,Pasa de 32 a 24 paneles con costuras invisibles.,664275b8f149716776628c32
8619215,Calidad de rebote,El balón cumple con las exigencias internacionales en cuanto al rebote.,664275b8f149716776628c33
8619215,Toque del balón,"El revestimiento exterior de poliuretano de 1,4 mm proporciona más sensaciones.",664275b8f149716776628c34
8495715,Toque del balón,Buen tacto gracias al revestimiento de materia plástica con espuma,664275c3f149716776628c35
8495715,Inflado duradero,Prolonga el periodo de inflado gracias a la cámara con 30% de butilo.,664275c3f149716776628c36
8495715,Calidad de rebote,Buena calidad de rebote gracias a la cámara totalmente revestida de poliéster.,664275c3f149716776628c37
8495715,Resistencia,Buena resistencia gracias al revestimiento de materia plástica con espuma.,664275c3f149716776628c38
8495715,Fijación,Buen agarre gracias al diseño profundo de los canales.,664275c3f149716776628c39
8668652,Resistencia,Resiste a 2.500 tiros contra un plano inclinado a 50 km/h (probado en laboratorio,664275cef149716776628c3a
8668652,Calidad de rebote,32 paneles con 2 capas de laminado junto a una cámara de butilo y látex.,664275cef149716776628c3b
8668652,Inflado duradero,Cámara de látex.,664275cef149716776628c3c
8666475,Resistencia,Resiste 2.500 tiros contra un plano inclinado a 50 km/h (probado en laboratorio,664275d8f149716776628c3d
8666475,Calidad de rebote,32 paneles con 2 capas de laminado junto a una cámara de butilo y látex.,664275d8f149716776628c3e
8666475,Inflado duradero,Cámara de látex.,664275d8f149716776628c3f
962445,Toque del balón,Balón con un tacto muy suave y agradable.,664275e3f149716776628c40
962445,Resistencia,Balón cosido a máquina.,664275e3f149716776628c41
962445,Impermeabilidad,Limita la absorción de agua hasta un 15 % del peso inicial del balón.,664275e3f149716776628c42
8804037,Resistencia impacto,Triple laminación para mayor resistencia.,664275eef149716776628c43
8884677,Resistencia impacto,Buena resistencia en cualquier superficie gracias a su revestimiento de caucho,664275f8f149716776628c44
8884677,Tracción,GOMA ECOLÓGICA: cubierta fabricada con un 35% de caucho reciclado de desechos.,664275f8f149716776628c45
8884677,Agarre ergonómico,Cubierta TACK SKIN: ofrece el máximo agarre en todas las condiciones climáticas.,664275f8f149716776628c46
8495726,Toque del balón,Buen tacto gracias al revestimiento de materia plástica con espuma,66427603f149716776628c47
8495726,Inflado duradero,Prolonga el periodo entre dos inflados gracias a la cámara con 30% de butilo.,66427603f149716776628c48
8495726,Calidad de rebote,Buena calidad de rebote gracias a la cámara totalmente revestida de poliéster.,66427603f149716776628c49
8495726,Resistencia,Buena resistencia gracias al revestimiento de materia plástica con espuma.,66427603f149716776628c4a
8495726,Fijación,Buen agarre gracias al diseño profundo de los canales.,66427603f149716776628c4b
8619235,Resistencia,Cámara laminada combinada con una confección termosellada.,6642760ff149716776628c4c
8619235,Inflado duradero,Conservación de la presión asegurada gracias a la cámara laminada.,6642760ff149716776628c4d
8619235,Vuelo estable,Balón termosellado con 12 paneles de TPU combinados con líneas ranuradas.,6642760ff149716776628c4e
8619235,Calidad de rebote,El balón cumple con las exigencias internacionales de fútbol en cuanto al rebote,6642760ff149716776628c4f
8619235,Toque del balón,Revestimiento de espuma de 5 mm para una comodidad óptima.,6642760ff149716776628c50
8641259,Toque del balón,El componente exterior de poliuretano aporta un toque de balón excelente.,6642761af149716776628c51
8641259,Fijación,Muy buen agarre en interior y exterior gracias a la capa exterior granulada.,6642761af149716776628c52
8641259,Inflado duradero,La cámara con 50% de butilo conserva la presión de inflado durante más tiempo.,6642761af149716776628c53
8641259,Calidad de rebote,"Excelente rebote, cámara revestida por un 70% de poliéster y un 30% de poliamida",6642761bf149716776628c54
8641259,Resistencia,"Buenísima resistencia gracias al revestimiento de poliuretano de 1,4 mm.",6642761bf149716776628c55
8553803,Tracción,Revestimiento de materia sintética texturizada.,66427626f149716776628c56
8553803,Resistencia,Las costuras hechas a mano son las más resistentes.,66427626f149716776628c57
8553803,Inflado duradero,Este balón ha sido probado para conservar la presión de inflado durante 3 días.,66427626f149716776628c58
8496286,Adherencia,La superficie con relieve garantiza un mejor agarre del balón.,66427631f149716776628c59
8496286,Ligereza,"265 g en talla 3, un balón muy ligero ideal para la iniciación.",66427631f149716776628c5a
8619223,Resistencia,"Costuras de los paneles en el interior, por tanto menos sometidas al desgaste.",6642763bf149716776628c5b
8619223,Inflado duradero,Conservación de la presión asegurada gracias a la cámara de butilo.,6642763bf149716776628c5c
8619223,Vuelo estable,El clásico 32 paneles con costuras invisibles.,6642763bf149716776628c5d
8619223,Calidad de rebote,El balón cumple con las exigencias internacionales en cuanto al rebote.,6642763bf149716776628c5e
8619223,Toque del balón,Paneles de espuma bajo el revestimiento para mayor comodidad.,6642763bf149716776628c5f
8495716,Toque del balón,Buen tacto gracias al revestimiento de materia plástica con espuma,66427646f149716776628c60
8495716,Inflado duradero,Prolonga el periodo de inflado gracias a la cámara con 30% de butilo.,66427646f149716776628c61
8495716,Calidad de rebote,Buena calidad de rebote gracias a la cámara totalmente revestida de poliéster.,66427646f149716776628c62
8495716,Resistencia,Buena resistencia gracias al revestimiento de materia plástica con espuma.,66427646f149716776628c63
8495716,Fijación,Buen agarre gracias al diseño profundo de los canales.,66427646f149716776628c64
8734237,Toque del balón,Excelente tacto gracias al revestimiento de poliuretano.,66427651f149716776628c65
8734237,Inflado duradero,La cámara con 50 % de butilo conserva la presión de inflado durante más tiempo.,66427651f149716776628c66
8734237,Calidad de rebote,"Excelente rebote, cámara revestida por un 70 % de poliéster y un 30 % de poliamida.",66427651f149716776628c67
8734237,Resistencia,"Buena resistencia gracias al revestimiento de poliuretano de 1,4 mm.",66427651f149716776628c68
8734237,Fijación,Buen agarre gracias al diseño profundo de los canales.,66427651f149716776628c69
8771389,Toque del balón,El componente acolchado garantiza una comodidad excelente en la mano.,6642765ef149716776628c6a
8771389,Adherencia,Formas y relieves realizados por gofrado para asegurar un grip flexible.,6642765ef149716776628c6b
8771389,Ligereza,Balón compuesto por una sola capa para que sea más ligero.,6642765ef149716776628c6c
8495731,Toque del balón,Excelente tacto gracias al exterior de poliuretano esponjoso y microfibras.,66427669f149716776628c6d
8495731,Calidad de rebote,Cámara revestida de 30% poliéster y 70% poliamida para un rebote excelente.,66427669f149716776628c6e
8495731,Inflado duradero,Prolonga el periodo de inflado gracias a la cámara con 80% de butilo.,66427669f149716776628c6f
8495731,Resistencia,"Buena resistencia gracias al revestimiento de poliuretano de 1,6 mm.",66427669f149716776628c70
8495731,Fijación,Excelente agarre gracias al diseño de los canales profundos.,66427669f149716776628c71
8550979,Fijación,El grip revolucionario de este balón es óptimo para jugar en la arena,66427674f149716776628c72
8550979,Amortiguación,El grip con espuma aporta amortiguación y comodidad en el pase y control,66427674f149716776628c73
8854507,Tracción,El balón encaja perfectamente en la mano - con o sin resina.,6642767ef149716776628c74
8854507,Amortiguación,Cámara Zero-Wing patentada para una redondez óptima.,6642767ff149716776628c75
8836312,Calidad de rebote,Su estructura asegura un rebote regular y un equilibrio óptimo,66427689f149716776628c76
8836312,Resistencia,Fabricado con piel sintética ultrarresistente,66427689f149716776628c77
8836312,Ligereza,Su construcción lo hace más ligero y así mejorar la experiencia de juego,66427689f149716776628c78
8669614,Tracción,Balón de espuma para un agarre excelente con suavidad.,66427694f149716776628c79
8669614,Resistencia impacto,"Balón probado en laboratorio y en club, en las escuelas de balonmano.",66427694f149716776628c7a
8669614,Inflado duradero,"Con este balón compuesto de espuma, olvídate de los problemas de inflado de la cámara.",66427694f149716776628c7b
8495730,Toque del balón,Excelente tacto gracias al exterior de poliuretano esponjoso y microfibras.,6642769ef149716776628c7c
8495730,Inflado duradero,Prolonga el periodo de inflado gracias a la cámara con 80% de butilo.,6642769ef149716776628c7d
8495730,Calidad de rebote,Cámara revestida de 30% poliéster y 70% poliamida para un rebote excelente.,6642769ff149716776628c7e
8495730,Resistencia,"Buena resistencia gracias al revestimiento de poliuretano de 1,6 mm.",6642769ff149716776628c7f
8495730,Fijación,Excelente agarre gracias al diseño de los canales profundos.,6642769ff149716776628c80
8668513,Resistencia,Resiste a 2.500 tiros contra un plano inclinado a 50 km/h (probado en laboratorio).,664276a9f149716776628c81
8668513,Calidad de rebote,32 paneles con 2 capas de laminado junto a una cámara de butilo y látex.,664276a9f149716776628c82
8668513,Inflado duradero,Cámara de látex.,664276a9f149716776628c83
8668655,Resistencia,Soporta 2500 lanzamientos contra una superficie inclinada a 50 km/h (probado en laboratorio).,664276b4f149716776628c84
8668655,Inflado duradero,Cámara de látex.,664276b4f149716776628c85
8836092,Calidad de rebote,La pelota está compuesta por una vejiga de pliegue cero que garantiza una redondez óptima.,664276bef149716776628c86
8836092,Resistencia,Fabricado con piel sintética ultrarresistente,664276bef149716776628c87
8836092,Ligereza,Su construcción lo hace más ligero y así mejorar la experiencia de juego,664276bef149716776628c88
8501325,Ayuda al desarrollo psicomotor,Un gran diámetro (17 cm) para facilitar el agarre.,664276c9f149716776628c89
8624471,Resistencia a la abrasión,Protege la GYM BALL de las continuas rozaduras contra el suelo y de tu calzado,664276d4f149716776628c8a
